<?xml version="1.0"?>
<ruleset name="WordPress Coding Standards">
	<!-- See https://github.com/squizlabs/PHP_CodeSniffer/wiki/Annotated-ruleset.xml -->
	<!-- See https://github.com/WordPress-Coding-Standards/WordPress-Coding-Standards/blob/develop/WordPress-Core/ruleset.xml -->

	<description>Flash Toolkit dev PHP_CodeSniffer ruleset.</description>

	<!-- Exclude paths -->
	<exclude-pattern>*/node_modules/*</exclude-pattern>
	<exclude-pattern>*/vendor/*</exclude-pattern>

	<!-- Configs -->
	<config name="minimum_supported_wp_version" value="4.7" />
	<config name="testVersion" value="5.2-" />

	<!-- Rules -->
	<rule ref="WPEverest-Core" />
	<rule ref="PHPCompatibility">
		<exclude name="PHPCompatibility.PHP.NewKeywords.t_namespaceFound" />
	</rule>

	<rule ref="WordPress">
		<exclude name="WordPress.VIP.DirectDatabaseQuery.NoCaching" />
		<exclude name="WordPress.VIP.DirectDatabaseQuery.DirectQuery" />
		<exclude name="WordPress.VIP.FileSystemWritesDisallow.file_ops_fwrite" />
		<exclude name="WordPress.VIP.RestrictedFunctions" />
		<exclude name="WordPress.VIP.SlowDBQuery.slow_db_query_meta_query" />
		<exclude name="WordPress.VIP.RestrictedVariables.user_meta__wpdb__usermeta" />
	</rule>
	<rule ref="WordPress.VIP.ValidatedSanitizedInput">
		<properties>
			<property name="customSanitizingFunctions" type="array" value="flash_clean,flash_sanitize_tooltip,flash_sanitize_permalink" />
		</properties>
	</rule>
	<rule ref="WordPress.XSS.EscapeOutput">
		<properties>
			<property name="customEscapingFunctions" type="array" value="flash_help_tip,flash_sanitize_tooltip" />
		</properties>
	</rule>
	<rule ref="WordPress.WP.I18n">
		<properties>
			<property name="text_domain" type="array" value="flash-toolkit" />
		</properties>
	</rule>
	<rule ref="WordPress.Files.FileName.InvalidClassFileName">
		<exclude-pattern>includes/**/abstract-*.php</exclude-pattern>
	</rule>
	<rule ref="Squiz.Commenting">
		<exclude name="Squiz.Commenting.LongConditionClosingComment" />
		<exclude name="Squiz.Commenting.PostStatementComment" />
	</rule>
</ruleset>
